{"cameraMode":{"drawMode":0,"name":"Shaded","section":"Shading Mode"},"sceneLighting":false,"audioPlay":false,"sceneViewState":{"m_AlwaysRefresh":false,"showFog":true,"showSkybox":false,"showFlares":true,"showImageEffects":true,"showParticleSystems":true,"showVisualEffectGraphs":true,"m_FxEnabled":true},"in2DMode":false,"pivot":{"x":-0.17702288925647736,"y":0.01937733218073845,"z":-0.17764399945735932},"rotation":{"x":-0.5296380519866943,"y":-0.021497907117009164,"z":0.016107015311717988,"w":-0.8481001853942871},"size":2.053046703338623,"orthographic":false}