{"cameraMode":{"drawMode":0,"name":"Shaded","section":"Shading Mode"},"sceneLighting":false,"audioPlay":false,"sceneViewState":{"m_AlwaysRefresh":false,"showFog":true,"showSkybox":false,"showFlares":true,"showImageEffects":true,"showParticleSystems":true,"showVisualEffectGraphs":true,"m_FxEnabled":true},"in2DMode":false,"pivot":{"x":-0.44064974784851076,"y":0.6762814521789551,"z":-0.36414051055908205},"rotation":{"x":-0.2787958085536957,"y":-0.0006820260896347463,"z":-0.0002013728953897953,"w":-0.9601496458053589},"size":2.053046703338623,"orthographic":false}