{"cameraMode":{"drawMode":0,"name":"Shaded","section":"Shading Mode"},"sceneLighting":false,"audioPlay":false,"sceneViewState":{"m_AlwaysRefresh":false,"showFog":true,"showSkybox":false,"showFlares":true,"showImageEffects":true,"showParticleSystems":true,"showVisualEffectGraphs":true,"m_FxEnabled":true},"in2DMode":false,"pivot":{"x":-23.349895477294923,"y":1.6726411581039429,"z":-10.20489501953125},"rotation":{"x":0.03947775810956955,"y":0.9502457976341248,"z":-0.27148357033729555,"w":0.14952394366264344},"size":0.6103978157043457,"orthographic":false}