{"cameraMode":{"drawMode":0,"name":"Shaded","section":"Shading Mode"},"sceneLighting":false,"audioPlay":false,"sceneViewState":{"m_AlwaysRefresh":false,"showFog":true,"showSkybox":false,"showFlares":true,"showImageEffects":true,"showParticleSystems":true,"showVisualEffectGraphs":true,"m_FxEnabled":true},"in2DMode":false,"pivot":{"x":955.1943969726563,"y":541.1821899414063,"z":11.917397499084473},"rotation":{"x":0.06073867902159691,"y":0.007462165784090757,"z":0.000986074679531157,"w":0.9976000189781189},"size":78.25141906738281,"orthographic":false}