{"cameraMode":{"drawMode":0,"name":"Shaded","section":"Shading Mode"},"sceneLighting":false,"audioPlay":false,"sceneViewState":{"m_AlwaysRefresh":false,"showFog":true,"showSkybox":false,"showFlares":true,"showImageEffects":true,"showParticleSystems":true,"showVisualEffectGraphs":true,"m_FxEnabled":true},"in2DMode":false,"pivot":{"x":-0.21480242908000947,"y":0.4133149981498718,"z":0.048838064074516299},"rotation":{"x":0.056473009288311008,"y":0.8525039553642273,"z":-0.098440982401371,"w":0.5105078816413879},"size":0.8432458639144898,"orthographic":false}