{"cameraMode":{"drawMode":0,"name":"Shaded","section":"Shading Mode"},"sceneLighting":false,"audioPlay":false,"sceneViewState":{"m_AlwaysRefresh":false,"showFog":true,"showSkybox":false,"showFlares":true,"showImageEffects":true,"showParticleSystems":true,"showVisualEffectGraphs":true,"m_FxEnabled":true},"in2DMode":false,"pivot":{"x":-0.1365201622247696,"y":1.9981486797332764,"z":0.08905092626810074},"rotation":{"x":0.10116640478372574,"y":0.8932318091392517,"z":-0.3451610207557678,"w":0.27083247900009158},"size":0.3535533547401428,"orthographic":false}