{"cameraMode":{"drawMode":0,"name":"Shaded","section":"Shading Mode"},"sceneLighting":false,"audioPlay":false,"sceneViewState":{"m_AlwaysRefresh":false,"showFog":true,"showSkybox":false,"showFlares":true,"showImageEffects":true,"showParticleSystems":true,"showVisualEffectGraphs":true,"m_FxEnabled":true},"in2DMode":false,"pivot":{"x":956.693115234375,"y":1003.0726928710938,"z":121.86556243896485},"rotation":{"x":0.05907990783452988,"y":-0.007822905667126179,"z":-0.0016656731022521854,"w":0.9982184171676636},"size":191.0497283935547,"orthographic":false}