{"cameraMode":{"drawMode":0,"name":"Shaded","section":"Shading Mode"},"sceneLighting":false,"audioPlay":false,"sceneViewState":{"m_AlwaysRefresh":false,"showFog":true,"showSkybox":false,"showFlares":true,"showImageEffects":true,"showParticleSystems":true,"showVisualEffectGraphs":true,"m_FxEnabled":true},"in2DMode":false,"pivot":{"x":-18.288915634155275,"y":0.7311874628067017,"z":34.85289764404297},"rotation":{"x":0.16397592425346375,"y":0.5635915398597717,"z":-0.1180933341383934,"w":0.8013153672218323},"size":0.19594652950763703,"orthographic":false}