{"cameraMode":{"drawMode":0,"name":"Shaded","section":"Shading Mode"},"sceneLighting":false,"audioPlay":false,"sceneViewState":{"m_AlwaysRefresh":false,"showFog":true,"showSkybox":false,"showFlares":true,"showImageEffects":true,"showParticleSystems":true,"showVisualEffectGraphs":true,"m_FxEnabled":true},"in2DMode":false,"pivot":{"x":-19.034730911254884,"y":0.20522360503673554,"z":32.95545959472656},"rotation":{"x":0.1759919673204422,"y":-0.34797877073287966,"z":0.06426399946212769,"w":0.9189028739929199},"size":1.0729913711547852,"orthographic":false}