{"cameraMode":{"drawMode":0,"name":"Shaded","section":"Shading Mode"},"sceneLighting":false,"audioPlay":false,"sceneViewState":{"m_AlwaysRefresh":false,"showFog":true,"showSkybox":false,"showFlares":true,"showImageEffects":true,"showParticleSystems":true,"showVisualEffectGraphs":true,"m_FxEnabled":true},"in2DMode":false,"pivot":{"x":-17.193971633911134,"y":0.8492580056190491,"z":-3.6096558570861818},"rotation":{"x":-0.44195228815078738,"y":0.4410242438316345,"z":-0.26108065247535708,"w":-0.7367409467697144},"size":0.7083591222763062,"orthographic":false}