{"cameraMode":{"drawMode":0,"name":"Shaded","section":"Shading Mode"},"sceneLighting":false,"audioPlay":false,"sceneViewState":{"m_AlwaysRefresh":false,"showFog":true,"showSkybox":false,"showFlares":true,"showImageEffects":true,"showParticleSystems":true,"showVisualEffectGraphs":true,"m_FxEnabled":true},"in2DMode":false,"pivot":{"x":-24.897546768188478,"y":-0.06731472909450531,"z":-6.244449138641357},"rotation":{"x":0.011720862239599228,"y":0.9804762601852417,"z":-0.18050135672092439,"w":0.08084080368280411},"size":0.556871235370636,"orthographic":false}