{"cameraMode":{"drawMode":0,"name":"Shaded","section":"Shading Mode"},"sceneLighting":false,"audioPlay":false,"sceneViewState":{"m_AlwaysRefresh":false,"showFog":true,"showSkybox":false,"showFlares":true,"showImageEffects":true,"showParticleSystems":true,"showVisualEffectGraphs":true,"m_FxEnabled":true},"in2DMode":false,"pivot":{"x":963.2428588867188,"y":565.3538818359375,"z":99.0033950805664},"rotation":{"x":0.06265081465244293,"y":-0.001498554483987391,"z":0.00007592122710775584,"w":0.9979610443115234},"size":99.99950408935547,"orthographic":false}